1,"‚ ‚¯‚Ý"
2,"‚ ‚é‚Ý"
3,"‚ ‚©‚Ë"
4,"‚ ‚¢"
5,"‚ ‚â‚Ë"
6,"‚ ‚«‚±"
7,"‚ ‚±"
8,"‚ ‚·‚©"
9,"‚ ‚·"
10,"‚ ‚Ý"
11,"‚ ‚â"
12,"‚ ‚ñ"
13,"‚¢‚­‚¦"
14,"‚¢‚æ"
15,"‚¢‚è‚ "
16,"‚¤‚Ý"
17,"‚¦‚Ý"
18,"‚¦‚Ý‚±"
19,"‚¦‚¢‚±"
20,"‚¦‚¢‚Ý"
21,"‚¦‚Ü"
22,"‚¦‚è"
23,"‚¦‚é"
24,"‚¦‚ñ"
25,"‚¦‚ê‚ñ"
26,"‚¨‚¤‚©"
27,"‚©‚È"
28,"‚©‚ê‚ñ"
29,"‚©‚¦"
30,"‚©‚¨‚è"
31,"‚©‚Ù‚è"
32,"‚©‚Ù"
33,"‚©‚Ì‚ñ"
34,"‚©‚¦‚ç"
35,"‚©‚æ"
36,"‚©‚è‚È"
37,"‚©‚ñ‚È"
38,"‚©‚±"
39,"‚«‚¢"
40,"‚«‚­"
41,"‚«‚­‚±"
42,"‚«‚«"
43,"‚«‚Ý"
44,"‚«‚Ý‚±"
45,"‚­‚Ý"
46,"‚­‚Ý‚±"
47,"‚­‚é‚Ý"
48,"‚­‚ç‚ç"
49,"‚¯‚¢"
50,"‚±‚±‚ë"
51,"‚±‚±‚Ý"
52,"‚±‚±"
53,"‚±‚¤"
54,"‚±‚Æ"
55,"‚±‚Æ‚±"
56,"‚±‚Î‚Æ"
57,"‚³‚µ‚±"
58,"‚³‚ä‚è"
59,"‚³‚ä"
60,"‚³‚³‚Ý"
61,"‚³‚«"
62,"‚³‚­‚ç"
63,"‚³‚¦"
64,"‚³‚¦‚±"
65,"‚³‚È"
66,"‚³‚«‚±"
67,"‚³‚â‚©"
68,"‚³‚æ"
69,"‚³‚æ‚±"
70,"‚³‚ñ"
71,"‚³‚ç"
72,"‚³‚ç‚ç"
73,"‚³‚­"
74,"‚³‚­‚±"
75,"‚³‚Æ‚±"
76,"‚³‚È‚¦"
77,"‚³‚È‚¬"
78,"‚µ‚å‚¤‚±"
79,"‚µ‚å‚¤‚è"
80,"‚µ‚¨‚ñ"
81,"‚µ‚¨‚è"
82,"‚µ‚á‚È"
83,"‚µ‚á‚ç"
84,"‚µ‚Ù"
85,"‚µ‚Ü"
86,"‚·‚¸‚±"
87,"‚·‚¤"
88,"‚·‚ç‚è"
89,"‚·‚Ý‚ê"
90,"‚¹‚¢‚ç"
91,"‚¹‚è‚È"
92,"‚¹‚Æ"
93,"‚¹‚È"
94,"‚¹‚¢‚±"
95,"‚»‚Ì‚±"
96,"‚»‚ç"
97,"‚½‚¦‚±"
98,"‚½‚¢‚±"
99,"‚½‚¦"
100,"‚¿‚¢"
101,"‚¿‚¸‚é"
102,"‚¿‚¦"
103,"‚¿‚È‚Â"
104,"‚¿‚è‚±"
105,"‚¿‚¦‚Ý"
106,"‚¿‚©"
107,"‚Â‚é‚±"
108,"‚Â‚®‚Ý"
109,"‚Ä‚ñ‚©"
110,"‚Ä‚é‚±"
111,"‚Ä‚é‚Ý"
112,"‚Æ‚à‚©"
113,"‚Æ‚à‚Ý"
114,"‚Æ‚ç‚±"
115,"‚Æ‚«"
116,"‚Æ‚¤‚±"
117,"‚Æ‚Ý‚±"
118,"‚Æ‚æ‚±"
119,"‚Æ‚æ‚Ý"
120,"‚Æ‚è‚±"
121,"‚Æ‚í"
122,"‚È‚¨‚Ý"
123,"‚È‚¨"
124,"‚È‚¦"
125,"‚È‚È"
126,"‚È‚È‚±"
127,"‚È‚È‚Ý"
128,"‚È‚È‚¦"
129,"‚È‚Â"
130,"‚È‚Â‚±"
131,"‚È‚é‚Ý"
132,"‚È‚Ù"
133,"‚È‚Ý"
134,"‚È‚Ý‚¦"
135,"‚È‚¬"
136,"‚È‚¬‚³"
137,"‚É‚È"
138,"‚É‚à"
139,"‚Ë‚Ë"
140,"‚Ë‚¨‚ñ"
141,"‚Ì‚Ì"
142,"‚Ì‚è‚±"
143,"‚Ì‚Ô‚±"
144,"‚Ì‚¦‚é"
145,"‚Ì‚ "
146,"‚Í‚é"
147,"‚Í‚Â‚±"
148,"‚Í‚¬"
149,"‚Í‚¨‚ñ"
150,"‚Í‚Ì‚ñ"
151,"‚Í‚é‚©"
152,"‚Í‚¢‚¶"
153,"‚Í‚È"
154,"‚Ð‚Å‚±"
155,"‚Ð‚Å‚æ"
156,"‚Ð‚³‚±"
157,"‚Ð‚Ý‚±"
158,"‚Ð‚Æ‚Ý"
159,"‚Ð‚ë‚Ý"
160,"‚Ð‚æ‚è"
161,"‚Ð‚È‚½"
162,"‚Ð‚È"
163,"‚Ð‚©‚è"
164,"‚Ð‚©‚é"
165,"‚Ð‚Ñ‚«"
166,"‚Ð‚Î‚è"
167,"‚Ð‚Ü‚í‚è"
168,"‚Ð‚¶‚è"
169,"‚Ð‚·‚¢"
170,"‚Ó‚¤‚©"
171,"‚Ó‚Ý‚±"
172,"‚Ó‚ä‚±"
173,"‚Ó‚Ý"
174,"‚Ó‚¶‚±"
175,"‚Ó‚Ô‚«"
176,"‚Ö‚ê‚ñ"
177,"‚Ù‚Ì‚©"
178,"‚Ù‚½‚é"
179,"‚Ù‚µ"
180,"‚Ù‚ë"
181,"‚Ü‚¢"
182,"‚Ü‚¨"
183,"‚Ü‚ä"
184,"‚Ü‚«"
185,"‚Ü‚È"
186,"‚Ü‚È‚Ý"
187,"‚Ü‚±"
188,"‚Ü‚±‚Æ"
189,"‚Ü‚³‚Ý"
190,"‚Ü‚¿‚±"
191,"‚Ü‚³‚±"
192,"‚Ü‚Ý"
193,"‚Ü‚·‚Ý"
194,"‚Ü‚ë‚ñ"
195,"‚Ý‚È‚Ý"
196,"‚Ý‚­"
197,"‚Ý‚¢‚ "
198,"‚Ý‚¢‚È"
199,"‚Ý‚¤"
200,"‚Ý‚¦"
201,"‚Ý‚¨"
202,"‚Ý‚©"
203,"‚Ý‚«"
204,"‚Ý‚±‚Æ"
205,"‚Ý‚³"
206,"‚Ý‚³‚Æ"
207,"‚Ý‚»‚Ì"
208,"‚Ý‚¿"
209,"‚Ý‚¿‚é"
210,"‚Ý‚Æ"
211,"‚Ý‚È"
212,"‚Ý‚ä"
213,"‚Ý‚æ"
214,"‚Ý‚ç‚¢"
215,"‚Ý‚©‚ñ"
216,"‚Ý‚¢"
217,"‚Þ‚Â‚Ý"
218,"‚ß‚¢"
219,"‚à‚à"
220,"‚à‚à‚±"
221,"‚à‚¦"
222,"‚à‚©"
223,"‚à‚±"
224,"‚à‚±‚Ý"
225,"‚â‚¦‚±"
226,"‚ä‚¢"
227,"‚ä‚¸"
228,"‚ä‚©"
229,"‚ä‚¤‚±"
230,"‚ä‚¤‚Ý"
231,"‚ä‚È"
232,"‚ä‚¤‚È"
233,"‚ä‚Ì"
234,"‚ä‚è"
235,"‚ä‚è‚ "
236,"‚ä‚¤‚©"
237,"‚æ‚¢‚±"
238,"‚æ‚¤‚±"
239,"‚æ‚Ý"
240,"‚æ‚µ‚¦"
241,"‚ç‚ñ‚±"
242,"‚ç‚ç"
243,"‚ç‚¢‚ç"
244,"‚è‚ ‚é"
245,"‚è‚ñ"
246,"‚è‚¨"
247,"‚è‚¤"
248,"‚è‚±"
249,"‚è‚©"
250,"‚è‚³"
251,"‚è‚È"
252,"‚è‚å‚¤"
253,"‚è‚å‚¤‚±"
254,"‚è‚ã‚¤"
255,"‚è‚è"
256,"‚é‚é"
257,"‚é‚¢"
258,"‚é‚©"
259,"‚é‚è"
260,"‚é‚Ý"
261,"‚ê‚¢"
262,"‚ê‚ñ"
263,"‚ê‚¢‚È"
264,"‚ê‚¨"
265,"‚ê‚¨‚ñ"
266,"‚ê‚È"
267,"‚ê‚Ý"
268,"‚ê‚¢‚Ý"
269,"‚ê‚Ì‚ñ"
270,"‚ê‚ "
271,"‚ë‚¢"
272,"‚ë‚«"
273,"‚ë‚±"
274,"‚í‚©‚±"
275,"‚í‚Æ"
276,"‚í‚±"
277,"‚í‚¨‚ñ"
